file,label
Img0.jpg,green
Img1.jpg,green
Img2.jpg,green
Img3.jpg,green
Img4.jpg,green
Img5.jpg,green
Img6.jpg,green
Img7.jpg,green
Img8.jpg,green
Img9.jpg,green
Img10.jpg,green
Img11.jpg,green
Img12.jpg,green
Img13.jpg,green
Img14.jpg,green
Img15.jpg,green
Img16.jpg,green
Img17.jpg,green
Img18.jpg,green
Img19.jpg,green
Img20.jpg,green
Img21.jpg,green
Img22.jpg,green
Img23.jpg,green
Img24.jpg,green
Img25.jpg,green
Img26.jpg,green
Img27.jpg,green
Img28.jpg,green
Img29.jpg,green
Img30.jpg,green
Img31.jpg,red
Img32.jpg,green
Img33.jpg,red
Img34.jpg,red
Img35.jpg,red
Img36.jpg,red
Img37.jpg,red
Img38.jpg,orange
Img39.jpg,red
Img40.jpg,green
Img41.jpg,red
Img42.jpg,orange
Img43.jpg,red
Img44.jpg,orange
Img45.jpg,red
Img46.jpg,green
Img47.jpg,red
Img48.jpg,red
Img49.jpg,green
Img50.jpg,green
Img51.jpg,green
Img52.jpg,red
Img53.jpg,green
Img54.jpg,red
Img55.jpg,red
Img56.jpg,red
Img57.jpg,red
Img58.jpg,orange
Img59.jpg,red
Img60.jpg,red
Img61.jpg,red
Img62.jpg,red
Img63.jpg,red
Img64.jpg,green
Img65.jpg,green
Img66.jpg,orange
Img67.jpg,red
Img68.jpg,green
Img69.jpg,red
Img70.jpg,red
Img71.jpg,red
Img72.jpg,red
Img73.jpg,red
Img74.jpg,green
Img75.jpg,red
Img76.jpg,green
Img77.jpg,green
Img78.jpg,red
Img79.jpg,red
Img80.jpg,red
Img81.jpg,red
Img82.jpg,orange
Img83.jpg,green
Img84.jpg,red
Img85.jpg,orange
Img86.jpg,red
Img87.jpg,green
Img88.jpg,green
Img89.jpg,red
Img90.jpg,orange
Img91.jpg,red
Img92.jpg,red
Img93.jpg,green
Img94.jpg,orange
Img95.jpg,green
Img96.jpg,red
Img97.jpg,red
Img98.jpg,red
Img99.jpg,green
Img100.jpg,green
Img101.jpg,red
Img102.jpg,red
Img103.jpg,red
Img104.jpg,green
Img105.jpg,red
Img106.jpg,green
Img107.jpg,red
Img109.jpg,red
Img110.jpg,green
Img111.jpg,red
Img112.jpg,green
Img113.jpg,red
Img114.jpg,orange
Img115.jpg,red
Img116.jpg,red
Img117.jpg,red
Img118.jpg,green
Img119.jpg,orange
Img120.jpg,red
Img121.jpg,red
Img122.jpg,green
Img123.jpg,green
Img124.jpg,orange
Img125.jpg,orange
Img126.jpg,orange
Img127.jpg,red
Img128.jpg,red
Img129.jpg,orange
Img130.jpg,green
Img131.jpg,green
Img132.jpg,green
Img133.jpg,orange
Img134.jpg,green
Img135.jpg,green
Img136.jpg,red
Img137.jpg,green
Img138.jpg,orange
Img139.jpg,red
Img140.jpg,red
Img141.jpg,red
Img142.jpg,red
Img143.jpg,red
Img144.jpg,green
Img145.jpg,red
Img146.jpg,red
Img147.jpg,red
Img148.jpg,green
Img149.jpg,orange
Img150.jpg,red
Img151.jpg,red
Img152.jpg,red
Img153.jpg,green
Img154.jpg,red
Img155.jpg,green
Img156.jpg,red
Img157.jpg,green
Img158.jpg,green
Img159.jpg,green
Img160.jpg,red
Img161.jpg,green
Img162.jpg,red
Img163.jpg,green
Img164.jpg,orange
Img165.jpg,orange
Img166.jpg,orange
Img167.jpg,orange
Img168.jpg,orange
Img169.jpg,orange
Img170.jpg,orange
Img171.jpg,orange
Img172.jpg,orange
Img173.jpg,orange
Img174.jpg,orange
Img175.jpg,orange
Img176.jpg,orange
Img177.jpg,orange
Img178.jpg,orange
Img179.jpg,orange
Img180.jpg,orange
Img181.jpg,orange
Img182.jpg,orange
Img183.jpg,orange
Img184.jpg,orange
Img185.jpg,orange
Img186.jpg,orange
Img187.jpg,orange
Img188.jpg,orange
Img189.jpg,orange
Img190.jpg,orange
Img191.jpg,orange
Img192.jpg,orange
Img193.jpg,orange
Img194.jpg,orange
Img195.jpg,orange
Img196.jpg,orange
Img197.jpg,orange
Img198.jpg,red
Img199.jpg,red
Img200.jpg,red
Img201.jpg,red
Img202.jpg,red
Img203.jpg,red
Img204.jpg,red
Img205.jpg,red
Img206.jpg,red
Img207.jpg,red
Img208.jpg,red
Img209.jpg,red
Img210.jpg,red
Img211.jpg,red
Img212.jpg,red
Img213.jpg,red
Img214.jpg,red
Img215.jpg,red
Img216.jpg,red
Img217.jpg,red
Img218.jpg,red
Img219.jpg,red
Img220.jpg,red
Img221.jpg,red
Img222.jpg,red
Img223.jpg,red
Img224.jpg,red
Img225.jpg,red
Img226.jpg,red
Img227.jpg,red
Img228.jpg,red
Img229.jpg,red
Img230.jpg,red
Img231.jpg,red
Img232.jpg,red
Img233.jpg,red
Img234.jpg,red
Img235.jpg,red
Img236.jpg,red
Img237.jpg,red
Img238.jpg,red
Img239.jpg,red
Img240.jpg,red
Img241.jpg,red
Img242.jpg,red
Img243.jpg,red
Img244.jpg,orange
Img245.jpg,red
Img246.jpg,red
Img247.jpg,red
Img248.jpg,green
Img249.jpg,green
Img250.jpg,red
Img251.jpg,green
Img252.jpg,red
Img253.jpg,red
Img254.jpg,green
Img255.jpg,green
Img256.jpg,red
Img257.jpg,orange
Img258.jpg,green
Img259.jpg,orange
Img260.jpg,orange
Img261.jpg,red
Img262.jpg,green
Img263.jpg,green
Img264.jpg,red
Img265.jpg,red
Img266.jpg,green
Img267.jpg,red
Img268.jpg,orange
Img269.jpg,green
Img270.jpg,orange
Img271.jpg,red
Img272.jpg,green
Img273.jpg,red
Img274.jpg,red
Img275.jpg,orange
Img276.jpg,green
Img277.jpg,red
Img278.jpg,red
Img279.jpg,green
Img280.jpg,green
Img281.jpg,red
Img282.jpg,green
Img283.jpg,orange
Img284.jpg,red
Img285.jpg,green
Img286.jpg,orange
Img287.jpg,red
Img288.jpg,red
Img289.jpg,green
Img290.jpg,green
Img291.jpg,green
Img292.jpg,red
Img293.jpg,green
Img294.jpg,orange
Img295.jpg,red
Img296.jpg,red
Img297.jpg,red
Img298.jpg,orange
Img299.jpg,green
Img300.jpg,red
Img301.jpg,red
Img302.jpg,red
Img303.jpg,red
Img304.jpg,green
Img306.jpg,red
Img307.jpg,red
Img308.jpg,orange
Img309.jpg,green
Img310.jpg,green
Img311.jpg,red
Img312.jpg,green
Img313.jpg,green
Img314.jpg,orange
Img315.jpg,red
Img316.jpg,green
Img317.jpg,green
Img318.jpg,red
Img319.jpg,red
Img320.jpg,red
Img321.jpg,green
Img322.jpg,orange
Img323.jpg,orange
Img324.jpg,orange
Img325.jpg,orange
Img326.jpg,orange
Img327.jpg,green
Img328.jpg,green
Img329.jpg,green
Img330.jpg,green
Img331.jpg,green
Img332.jpg,red
Img333.jpg,red
Img334.jpg,orange
Img335.jpg,red
Img336.jpg,red
Img337.jpg,red
Img338.jpg,orange
Img339.jpg,green
Img340.jpg,red
Img341.jpg,red
Img342.jpg,orange
Img343.jpg,red
Img344.jpg,red
Img345.jpg,red
Img346.jpg,green
Img347.jpg,green
Img348.jpg,orange
Img349.jpg,orange
Img350.jpg,green
Img351.jpg,green
Img352.jpg,orange
Img353.jpg,red
Img354.jpg,red
Img355.jpg,green
Img356.jpg,red
Img357.jpg,green
Img358.jpg,orange
Img359.jpg,orange
Img360.jpg,red
Img361.jpg,red
Img362.jpg,orange
Img363.jpg,green
Img364.jpg,orange
Img365.jpg,red
Img366.jpg,red
Img367.jpg,orange
Img368.jpg,red
Img369.jpg,red
Img370.jpg,green
Img371.jpg,green
Img372.jpg,green
Img373.jpg,green
Img374.jpg,red
Img375.jpg,red
Img376.jpg,green
Img377.jpg,green
Img378.jpg,green
Img379.jpg,green
Img380.jpg,green
Img381.jpg,orange
Img382.jpg,red
Img383.jpg,green
Img384.jpg,red
Img385.jpg,red
Img386.jpg,green
Img387.jpg,red
Img388.jpg,red
Img389.jpg,red
Img390.jpg,green
Img391.jpg,red
Img392.jpg,green
Img393.jpg,red
Img394.jpg,red
Img395.jpg,green
Img396.jpg,orange
Img397.jpg,green
Img398.jpg,green
Img399.jpg,green
Img400.jpg,green
Img401.jpg,green
Img402.jpg,green
Img403.jpg,red
Img404.jpg,red
Img405.jpg,green
Img406.jpg,red
Img407.jpg,green
Img408.jpg,green
Img409.jpg,orange
Img410.jpg,green
Img411.jpg,red
Img412.jpg,red
Img413.jpg,red
Img414.jpg,orange
Img415.jpg,orange
Img416.jpg,red
Img417.jpg,red
Img418.jpg,green
Img419.jpg,red
Img420.jpg,red
Img421.jpg,green
Img422.jpg,red
Img423.jpg,green
Img424.jpg,red
Img425.jpg,green
Img426.jpg,orange
Img427.jpg,orange
Img428.jpg,green
Img429.jpg,red
Img430.jpg,green
Img431.jpg,green
Img432.jpg,green
Img433.jpg,red
Img434.jpg,green
Img435.jpg,red
Img436.jpg,orange
Img437.jpg,red
Img438.jpg,green
Img439.jpg,orange
Img440.jpg,orange
Img441.jpg,red
Img442.jpg,red
Img443.jpg,red
Img444.jpg,red
Img445.jpg,orange
Img446.jpg,green
Img447.jpg,red
Img448.jpg,green
Img449.jpg,red
Img450.jpg,green
Img451.jpg,orange
Img452.jpg,green
Img453.jpg,green
Img454.jpg,red
Img455.jpg,green
Img456.jpg,red
Img457.jpg,green
Img458.jpg,green
Img459.jpg,red
Img460.jpg,red
Img461.jpg,red
Img462.jpg,red
Img463.jpg,green
Img464.jpg,green
Img465.jpg,red
Img466.jpg,red
Img467.jpg,green
Img468.jpg,red
Img469.jpg,green
Img470.jpg,red
Img471.jpg,orange
Img472.jpg,red
Img473.jpg,red
Img474.jpg,orange
Img475.jpg,red
Img476.jpg,green
Img477.jpg,red
Img478.jpg,red
Img479.jpg,red
Img480.jpg,red
Img481.jpg,green
Img482.jpg,green
Img483.jpg,green
Img484.jpg,orange
Img485.jpg,orange
Img486.jpg,green
Img487.jpg,red
Img488.jpg,green
Img489.jpg,green
Img490.jpg,red
Img491.jpg,red
Img492.jpg,green
Img493.jpg,green
Img494.jpg,green
Img495.jpg,red
Img496.jpg,red
Img497.jpg,red
Img498.jpg,green
Img499.jpg,green
Img500.jpg,green
Img501.jpg,green
Img502.jpg,green
Img503.jpg,green
Img504.jpg,green
Img505.jpg,green
Img506.jpg,green
Img507.jpg,green
Img508.jpg,green
Img509.jpg,red
Img510.jpg,green
Img511.jpg,green
Img512.jpg,orange
Img513.jpg,orange
Img514.jpg,red
Img515.jpg,green
Img516.jpg,green
Img517.jpg,green
Img518.jpg,green
Img519.jpg,green
Img520.jpg,green
Img521.jpg,red
Img522.jpg,green
Img523.jpg,green
Img524.jpg,green
Img525.jpg,green
Img526.jpg,green
Img527.jpg,green
Img528.jpg,green
Img529.jpg,green
Img530.jpg,green
Img531.jpg,green
Img532.jpg,red
Img533.jpg,green
Img534.jpg,green
Img535.jpg,red
Img536.jpg,green
Img537.jpg,red
Img538.jpg,red
Img539.jpg,green
Img540.jpg,red
Img541.jpg,green
Img542.jpg,red
Img543.jpg,orange
Img544.jpg,red
Img545.jpg,red
Img547.jpg,red
Img548.jpg,green
Img549.jpg,green
Img550.jpg,green
Img551.jpg,green
Img552.jpg,red
Img553.jpg,red
Img554.jpg,orange
Img555.jpg,red
Img556.jpg,red
Img557.jpg,green
Img558.jpg,red
Img559.jpg,green
Img560.jpg,green
Img561.jpg,green
Img562.jpg,green
Img563.jpg,green
Img564.jpg,green
Img565.jpg,green
Img566.jpg,green
Img567.jpg,green
Img568.jpg,red
Img569.jpg,green
Img570.jpg,red
Img571.jpg,red
Img572.jpg,green
Img573.jpg,red
Img574.jpg,orange
Img575.jpg,orange
Img576.jpg,green
Img577.jpg,green
Img578.jpg,red
Img579.jpg,red
Img580.jpg,red
Img581.jpg,red
Img582.jpg,red
Img583.jpg,red
Img584.jpg,red
Img585.jpg,red
Img586.jpg,green
Img587.jpg,green
Img588.jpg,green
Img589.jpg,red
Img590.jpg,red
Img591.jpg,orange
Img592.jpg,green
Img593.jpg,green
Img594.jpg,red
Img595.jpg,red
Img596.jpg,red
Img597.jpg,green
Img599.jpg,red
Img600.jpg,red
Img601.jpg,green
Img602.jpg,red
Img603.jpg,red
Img604.jpg,orange
Img605.jpg,red
Img606.jpg,red
Img607.jpg,orange
Img608.jpg,green
Img609.jpg,green
Img610.jpg,green
Img611.jpg,orange
Img612.jpg,orange
Img613.jpg,orange
Img614.jpg,orange
Img615.jpg,orange
Img616.jpg,red
Img617.jpg,orange
Img618.jpg,orange
Img619.jpg,orange
Img620.jpg,red
Img621.jpg,red
Img622.jpg,red
Img623.jpg,green
Img624.jpg,orange
Img625.jpg,red
Img626.jpg,green
Img627.jpg,orange
Img628.jpg,green
